{
    "point": [
        885.6434210438825,
        -8822.922067968539
    ],
    "multiPoint": [
        [
            3937.8687714667735,
            -9823.019440594553
        ]
    ],
    "lineString": [
        [
            -3218.1661853504493,
            -6022.564184488284
        ],
        [
            -722.6902404821074,
            -5122.914733368637
        ],
        [
            -2359.3285634530425,
            5206.138581445459
        ],
        [
            -3754.4305356857853,
            -6217.259329841098
        ]
    ],
    "multiLineString": [
        [
            [
                -4102.137272484914,
                413.4106525345534
            ],
            [
                -6407.728345531057,
                -8164.823625289804
            ],
            [
                9373.03890207454,
                5350.160569975698
            ]
        ]
    ],
    "polygon": [
        [
            [
                826.4064697483611,
                6566.406071145116
            ]
        ],
        [
            [
                7571.815960187268,
                -4686.700381704452
            ],
            [
                63.89407060086338,
                4046.8801789090235
            ],
            [
                -3809.4647801624533,
                6610.527127498157
            ]
        ],
        [
            [
                -2609.840912083012,
                9635.342215347948
            ],
            [
                6196.760880714053,
                -8363.603173156229
            ]
        ],
        [
            [
                -6924.411220817764,
                -3048.8118526752096
            ],
            [
                -7591.339650922438,
                7290.602598129093
            ],
            [
                -487.21985184437733,
                -4993.505920295388
            ],
            [
                -8189.938926998922,
                6506.100282234598
            ]
        ],
        [
            [
                1833.9971797275473,
                5573.400206617036
            ],
            [
                -8467.96016260764,
                -3756.2340046085724
            ],
            [
                8987.06123964287,
                -2762.840937077333
            ]
        ]
    ],
    "multiPolygon": [
        [
            [
                [
                    -9230.157602771917,
                    -4257.4727661615725
                ],
                [
                    7476.06126843525,
                    7297.05210654276
                ],
                [
                    9143.256264432935,
                    4165.0081282048795
                ],
                [
                    3311.6673806047384,
                    -7961.950303340748
                ]
            ],
            [
                [
                    5392.592330580916,
                    6427.961113141187
                ],
                [
                    7147.139235812962,
                    9427.394136065095
                ],
                [
                    4372.076746322805,
                    2386.6542129957234
                ],
                [
                    3458.9762172196633,
                    9381.081160422758
                ],
                [
                    -6965.552203673985,
                    -7600.542149749881
                ]
            ]
        ]
    ]
}